{"stats":{"minecraft:picked_up":{"minecraft:stone":389,"minecraft:repeater":23,"minecraft:chest_minecart":3,"minecraft:big_dripleaf":2,"minecraft:dropper":1,"minecraft:redstone":133,"minecraft:sticky_piston":1,"minecraft:gray_carpet":1,"minecraft:wheat_seeds":2388,"minecraft:comparator":5,"minecraft:bone_meal":24,"minecraft:redstone_torch":99,"minecraft:oak_button":10,"minecraft:powered_rail":47,"minecraft:white_wool":794,"minecraft:iron_sword":7,"minecraft:rail":12},"minecraft:custom":{"minecraft:time_since_rest":459137,"minecraft:sprint_one_cm":126293,"minecraft:inspect_dropper":99,"minecraft:damage_taken":60,"minecraft:walk_one_cm":823593,"minecraft:drop":19,"minecraft:inspect_hopper":42,"minecraft:minecart_one_cm":134,"minecraft:tune_noteblock":124,"minecraft:fly_one_cm":1991717,"minecraft:open_chest":12,"minecraft:crouch_one_cm":10577,"minecraft:play_time":459137,"minecraft:sneak_time":9610,"minecraft:jump":3825,"minecraft:leave_game":13,"minecraft:time_since_death":459137,"minecraft:total_world_time":637808,"minecraft:fall_one_cm":858,"minecraft:inspect_dispenser":3},"minecraft:used":{"minecraft:big_dripleaf":3,"minecraft:redstone_torch":332,"minecraft:black_concrete":6,"minecraft:sticky_piston":111,"minecraft:moss_block":43,"minecraft:piston":61,"minecraft:honey_block":3,"minecraft:lever":18,"minecraft:black_wool":61,"minecraft:activator_rail":12,"minecraft:red_concrete":2,"minecraft:slime_block":10,"minecraft:dropper":55,"minecraft:redstone_ore":5,"minecraft:red_wool":56,"minecraft:powered_rail":136,"minecraft:oak_button":69,"minecraft:gray_carpet":3,"minecraft:dispenser":3,"minecraft:redstone":1342,"minecraft:lime_wool":9,"minecraft:green_wool":1,"minecraft:oak_sign":6,"minecraft:chest":10,"minecraft:stone_slab":15,"minecraft:stone":1045,"minecraft:composter":28,"minecraft:yellow_wool":217,"minecraft:white_wool":1048,"minecraft:debug_stick":30,"minecraft:birch_trapdoor":7,"minecraft:rail":49,"minecraft:repeater":471,"minecraft:redstone_lamp":32,"minecraft:target":15,"minecraft:comparator":74,"minecraft:white_carpet":2,"minecraft:emerald_block":9,"minecraft:hopper":62,"minecraft:minecart":5,"minecraft:gold_block":10,"minecraft:smooth_stone_slab":52,"minecraft:chest_minecart":84,"minecraft:note_block":18,"minecraft:painting":14,"minecraft:observer":92,"minecraft:wheat_seeds":10},"minecraft:dropped":{"minecraft:stone":2,"minecraft:wheat_seeds":34,"minecraft:oak_button":1,"minecraft:dropper":1,"minecraft:repeater":1,"minecraft:hopper":1,"minecraft:chest":1,"minecraft:composter":1,"minecraft:comparator":1,"minecraft:chest_minecart":3,"minecraft:debug_stick":1,"minecraft:redstone":3}},"DataVersion":3337}