{"stats":{"minecraft:used":{"minecraft:big_dripleaf":3,"minecraft:redstone_torch":296,"minecraft:sticky_piston":96,"minecraft:moss_block":43,"minecraft:piston":53,"minecraft:honey_block":3,"minecraft:lever":18,"minecraft:black_wool":20,"minecraft:activator_rail":12,"minecraft:slime_block":10,"minecraft:dropper":51,"minecraft:redstone_ore":5,"minecraft:red_wool":28,"minecraft:powered_rail":136,"minecraft:oak_button":65,"minecraft:gray_carpet":3,"minecraft:dispenser":3,"minecraft:redstone":1252,"minecraft:oak_sign":3,"minecraft:green_wool":1,"minecraft:chest":8,"minecraft:stone_slab":15,"minecraft:stone":970,"minecraft:composter":24,"minecraft:yellow_wool":34,"minecraft:white_wool":822,"minecraft:debug_stick":30,"minecraft:rail":49,"minecraft:repeater":418,"minecraft:redstone_lamp":32,"minecraft:target":15,"minecraft:comparator":73,"minecraft:white_carpet":2,"minecraft:hopper":51,"minecraft:minecart":5,"minecraft:chest_minecart":84,"minecraft:note_block":7,"minecraft:painting":14,"minecraft:observer":75},"minecraft:dropped":{"minecraft:stone":2,"minecraft:wheat_seeds":34,"minecraft:oak_button":1,"minecraft:dropper":1,"minecraft:repeater":1,"minecraft:hopper":1,"minecraft:chest":1,"minecraft:composter":1,"minecraft:comparator":1,"minecraft:chest_minecart":3,"minecraft:debug_stick":1,"minecraft:redstone":3},"minecraft:picked_up":{"minecraft:stone":389,"minecraft:repeater":22,"minecraft:chest_minecart":3,"minecraft:big_dripleaf":2,"minecraft:dropper":1,"minecraft:redstone":127,"minecraft:sticky_piston":1,"minecraft:gray_carpet":1,"minecraft:wheat_seeds":2388,"minecraft:comparator":5,"minecraft:bone_meal":24,"minecraft:redstone_torch":90,"minecraft:oak_button":10,"minecraft:powered_rail":47,"minecraft:white_wool":794,"minecraft:iron_sword":7,"minecraft:rail":12},"minecraft:custom":{"minecraft:time_since_rest":395568,"minecraft:sprint_one_cm":90608,"minecraft:inspect_dropper":95,"minecraft:damage_taken":60,"minecraft:walk_one_cm":732367,"minecraft:drop":19,"minecraft:inspect_hopper":38,"minecraft:minecart_one_cm":134,"minecraft:tune_noteblock":31,"minecraft:fly_one_cm":1639334,"minecraft:open_chest":9,"minecraft:crouch_one_cm":9000,"minecraft:play_time":395568,"minecraft:sneak_time":7733,"minecraft:jump":3118,"minecraft:leave_game":11,"minecraft:time_since_death":395568,"minecraft:total_world_time":571520,"minecraft:fall_one_cm":858,"minecraft:inspect_dispenser":3}},"DataVersion":3337}