{"stats":{"minecraft:picked_up":{"minecraft:stone":388,"minecraft:repeater":17,"minecraft:chest_minecart":3,"minecraft:big_dripleaf":2,"minecraft:redstone":94,"minecraft:gray_carpet":1,"minecraft:redstone_torch":74,"minecraft:oak_button":9,"minecraft:powered_rail":46,"minecraft:rail":12,"minecraft:white_wool":89},"minecraft:custom":{"minecraft:time_since_rest":257526,"minecraft:sprint_one_cm":60051,"minecraft:inspect_dropper":38,"minecraft:damage_taken":60,"minecraft:walk_one_cm":421671,"minecraft:drop":7,"minecraft:inspect_hopper":27,"minecraft:tune_noteblock":31,"minecraft:fly_one_cm":1137438,"minecraft:crouch_one_cm":5263,"minecraft:play_time":257526,"minecraft:sneak_time":5192,"minecraft:jump":1783,"minecraft:leave_game":5,"minecraft:time_since_death":257526,"minecraft:total_world_time":361177,"minecraft:inspect_dispenser":2,"minecraft:fall_one_cm":858},"minecraft:used":{"minecraft:big_dripleaf":3,"minecraft:redstone_torch":172,"minecraft:sticky_piston":55,"minecraft:moss_block":43,"minecraft:piston":7,"minecraft:honey_block":3,"minecraft:lever":18,"minecraft:activator_rail":12,"minecraft:dropper":18,"minecraft:slime_block":10,"minecraft:red_wool":19,"minecraft:redstone_ore":5,"minecraft:powered_rail":135,"minecraft:redstone":731,"minecraft:dispenser":2,"minecraft:gray_carpet":3,"minecraft:oak_button":53,"minecraft:stone_slab":11,"minecraft:stone":732,"minecraft:yellow_wool":34,"minecraft:debug_stick":30,"minecraft:white_wool":440,"minecraft:rail":49,"minecraft:repeater":247,"minecraft:redstone_lamp":29,"minecraft:target":8,"minecraft:comparator":37,"minecraft:white_carpet":2,"minecraft:hopper":18,"minecraft:chest_minecart":66,"minecraft:note_block":7,"minecraft:painting":14,"minecraft:observer":29},"minecraft:dropped":{"minecraft:stone":1,"minecraft:repeater":1,"minecraft:comparator":1,"minecraft:chest_minecart":3,"minecraft:debug_stick":1}},"DataVersion":3337}